0,1,Deletion error (%),Insertion error (%),Substitution error (%),W.A.R. (%),Reference Text,Transcript
test,channel1_normalized_speech1_0003.wav,25.0,0.0,0.0,0.75,"mother says i've gone back to the time before we lost letty and i sometimes feel as if i had
","['mother', 'says', ""i've"", 'gone', 'back', 'to', 'the', 'time', 'before', 'we', 'lost', 'letty', 'and', 'i', 'sometimes']"
test,channel1_normalized_speech1_0002.wav,90.0,0.0,5.0,0.050000000000000044,"mother says i've gone back to the time before we lost letty and i sometimes feel as if i had
","['another', 'says']"
test,channel1_normalized_speech1_0001.wav,100.0,0.0,0.0,0.0,"mother says i've gone back to the time before we lost letty and i sometimes feel as if i had
",[]
